"","x"
"1","A"
"2","Able"
"3","Aboard"
"4","About"
"5","Afraid"
"6","Against"
"7","Aloud"
"8","Already"
"9","Also"
"10","Always"
"11","Am"
"12","America"
"13","American"
"14","Among"
"15","Amount"
"16","An"
"17","And"
"18","Angel"
"19","Anger"
"20","Angry"
"21","Animal"
"22","Another"
"23","Answer"
"24","Ant"
"25","Any"
"26","Anybody"
"27","Anyhow"
"28","Anyone"
"29","Anything"
"30","Anyway"
"31","Anywhere"
"32","Apart"
"33","Apartment"
"34","Ape"
"35","Apiece"
"36","Appear"
"37","Apple"
"38","April"
"39","Apron"
"40","Are"
"41","Aren't"
"42","Arise"
"43","Arithmetic"
"44","Arm"
"45","Armful"
"46","Army"
"47","Arose"
"48","Around"
"49","Arrange"
"50","Arrive"
"51","Arrived"
"52","Arrow"
"53","Art"
"54","Artist"
"55","As"
"56","Ash"
"57","Ashes"
"58","Aside"
"59","Ask"
"60","Asleep"
"61","At"
"62","Ate"
"63","Attack"
"64","Attend"
"65","Attention"
"66","August"
"67","Aunt"
"68","Author"
"69","Auto"
"70","Automobile"
"71","Autumn"
"72","Avenue"
"73","Awake"
"74","Awaken"
"75","Away"
"76","Awful"
"77","Awfully"
"78","Awhile"
"79","Ax"
"80","Axe"
"81","Baa"
"82","Babe"
"83","Babies"
"84","Back"
"85","Background"
"86","Backward"
"87","Backwards"
"88","Bacon"
"89","Bad"
"90","Badge"
"91","Badly"
"92","Bag"
"93","Bake"
"94","Baker"
"95","Bakery"
"96","Baking"
"97","Ball"
"98","Balloon"
"99","Banana"
"100","Band"
"101","Bandage"
"102","Bang"
"103","Banjo"
"104","Bank"
"105","Banker"
"106","Bar"
"107","Barber"
"108","Bare"
"109","Barefoot"
"110","Barely"
"111","Bark"
"112","Barn"
"113","Barrel"
"114","Base"
"115","Baseball"
"116","Basement"
"117","Basket"
"118","Bat"
"119","Batch"
"120","Bath"
"121","Bathe"
"122","Bathing"
"123","Bathroom"
"124","Bathtub"
"125","Battle"
"126","Battleship"
"127","Bay"
"128","Be"
"129","Beach"
"130","Bead"
"131","Beam"
"132","Bean"
"133","Bear"
"134","Beard"
"135","Beast"
"136","Beat"
"137","Beating"
"138","Beautiful"
"139","Beautify"
"140","Beauty"
"141","Became"
"142","Because"
"143","Become"
"144","Becoming"
"145","Bed"
"146","Bedbug"
"147","Bedroom"
"148","Bedspread"
"149","Bedtime"
"150","Bee"
"151","Beech"
"152","Beef"
"153","Beefsteak"
"154","Beehive"
"155","Been"
"156","Beer"
"157","Beet"
"158","Before"
"159","Beg"
"160","Began"
"161","Beggar"
"162","Begged"
"163","Begin"
"164","Beginning"
"165","Begun"
"166","Behave"
"167","Behind"
"168","Being"
"169","Believe"
"170","Bell"
"171","Belong"
"172","Below"
"173","Belt"
"174","Bench"
"175","Bend"
"176","Beneath"
"177","Bent"
"178","Berries"
"179","Berry"
"180","Beside"
"181","Besides"
"182","Best"
"183","Bet"
"184","Better"
"185","Between"
"186","Bib"
"187","Bible"
"188","Bicycle"
"189","Bid"
"190","Big"
"191","Bigger"
"192","Bill"
"193","Billboard"
"194","Bin"
"195","Bind"
"196","Bird"
"197","Birth"
"198","Birthday"
"199","Biscuit"
"200","Bit"
"201","Bite"
"202","Biting"
"203","Bitter"
"204","Black"
"205","Blackberry"
"206","Blackbird"
"207","Blackboard"
"208","Blackness"
"209","Blacksmith"
"210","Blame"
"211","Blank"
"212","Blanket"
"213","Blast"
"214","Blaze"
"215","Bleed"
"216","Bless"
"217","Blessing"
"218","Blew"
"219","Blind"
"220","Blindfold"
"221","Blinds"
"222","Block"
"223","Blood"
"224","Bloom"
"225","Blossom"
"226","Blot"
"227","Blow"
"228","Blue"
"229","Blueberry"
"230","Bluebird"
"231","Blush"
"232","Board"
"233","Boast"
"234","Boat"
"235","Bob"
"236","Bobwhite"
"237","Bodies"
"238","Body"
"239","Boil"
"240","Boiler"
"241","Bold"
"242","Bone"
"243","Bonnet"
"244","Boo"
"245","Book"
"246","Bookcase"
"247","Bookkeeper"
"248","Boom"
"249","Boot"
"250","Born"
"251","Borrow"
"252","Boss"
"253","Both"
"254","Bother"
"255","Bottle"
"256","Bottom"
"257","Bought"
"258","Bounce"
"259","Bow"
"260","Bow-wow"
"261","Bowl"
"262","Box"
"263","Boxcar"
"264","Boxer"
"265","Boxes"
"266","Boy"
"267","Boyhood"
"268","Bracelet"
"269","Brain"
"270","Brake"
"271","Bran"
"272","Branch"
"273","Brass"
"274","Brave"
"275","Bread"
"276","Break"
"277","Breakfast"
"278","Breast"
"279","Breath"
"280","Breathe"
"281","Breeze"
"282","Brick"
"283","Bride"
"284","Bridge"
"285","Bright"
"286","Brightness"
"287","Bring"
"288","Broad"
"289","Broadcast"
"290","Broke"
"291","Broken"
"292","Brook"
"293","Broom"
"294","Brother"
"295","Brought"
"296","Brown"
"297","Brush"
"298","Bubble"
"299","Bucket"
"300","Buckle"
"301","Bud"
"302","Buffalo"
"303","Bug"
"304","Buggy"
"305","Build"
"306","Building"
"307","Built"
"308","Bulb"
"309","Bull"
"310","Bullet"
"311","Bum"
"312","Bumblebee"
"313","Bump"
"314","Bun"
"315","Bunch"
"316","Bundle"
"317","Bunny"
"318","Burn"
"319","Burst"
"320","Bury"
"321","Bus"
"322","Bush"
"323","Bushel"
"324","Business"
"325","Busy"
"326","But"
"327","Butcher"
"328","Butt"
"329","Butter"
"330","Buttercup"
"331","Butterfly"
"332","Buttermilk"
"333","Butterscotch"
"334","Button"
"335","Buttonhole"
"336","Buy"
"337","Buzz"
"338","By"
"339","Bye"
"340","Cab"
"341","Cabbage"
"342","Cabin"
"343","Cabinet"
"344","Cackle"
"345","Cage"
"346","Cake"
"347","Calendar"
"348","Calf"
"349","Call"
"350","Caller"
"351","Calling"
"352","Came"
"353","Camel"
"354","Camp"
"355","Campfire"
"356","Can"
"357","Can't"
"358","Canal"
"359","Canary"
"360","Candle"
"361","Candlestick"
"362","Candy"
"363","Cane"
"364","Cannon"
"365","Cannot"
"366","Canoe"
"367","Canyon"
"368","Cap"
"369","Cape"
"370","Capital"
"371","Captain"
"372","Car"
"373","Card"
"374","Cardboard"
"375","Care"
"376","Careful"
"377","Careless"
"378","Carelessness"
"379","Carload"
"380","Carpenter"
"381","Carpet"
"382","Carriage"
"383","Carrot"
"384","Carry"
"385","Cart"
"386","Carve"
"387","Case"
"388","Cash"
"389","Cashier"
"390","Castle"
"391","Cat"
"392","Catbird"
"393","Catch"
"394","Catcher"
"395","Caterpillar"
"396","Catfish"
"397","Catsup"
"398","Cattle"
"399","Caught"
"400","Cause"
"401","Cave"
"402","Ceiling"
"403","Cell"
"404","Cellar"
"405","Cent"
"406","Center"
"407","Cereal"
"408","Certain"
"409","Certainly"
"410","Chain"
"411","Chair"
"412","Chalk"
"413","Champion"
"414","Chance"
"415","Change"
"416","Chap"
"417","Charge"
"418","Charm"
"419","Chart"
"420","Chase"
"421","Chatter"
"422","Cheap"
"423","Cheat"
"424","Check"
"425","Checkers"
"426","Cheek"
"427","Cheer"
"428","Cheese"
"429","Cherry"
"430","Chest"
"431","Chew"
"432","Chick"
"433","Chicken"
"434","Chief"
"435","Child"
"436","Childhood"
"437","Children"
"438","Chill"
"439","Chilly"
"440","Chimney"
"441","Chin"
"442","China"
"443","Chip"
"444","Chipmunk"
"445","Chocolate"
"446","Choice"
"447","Choose"
"448","Chop"
"449","Chorus"
"450","Chose"
"451","Chosen"
"452","Christen"
"453","Christmas"
"454","Church"
"455","Churn"
"456","Cigarette"
"457","Circle"
"458","Circus"
"459","Citizen"
"460","City"
"461","Clang"
"462","Clap"
"463","Class"
"464","Classmate"
"465","Classroom"
"466","Claw"
"467","Clay"
"468","Clean"
"469","Cleaner"
"470","Clear"
"471","Clerk"
"472","Clever"
"473","Click"
"474","Cliff"
"475","Climb"
"476","Clip"
"477","Cloak"
"478","Clock"
"479","Close"
"480","Closet"
"481","Cloth"
"482","Clothes"
"483","Clothing"
"484","Cloud"
"485","Cloudy"
"486","Clover"
"487","Clown"
"488","Club"
"489","Cluck"
"490","Clump"
"491","Coach"
"492","Coal"
"493","Coast"
"494","Coat"
"495","Cob"
"496","Cobbler"
"497","Cocoa"
"498","Coconut"
"499","Cocoon"
"500","Cod"
"501","Codfish"
"502","Coffee"
"503","Coffeepot"
"504","Coin"
"505","Cold"
"506","Collar"
"507","College"
"508","Color"
"509","Colored"
"510","Colt"
"511","Column"
"512","Comb"
"513","Come"
"514","Comfort"
"515","Comic"
"516","Coming"
"517","Company"
"518","Compare"
"519","Conductor"
"520","Cone"
"521","Connect"
"522","Coo"
"523","Cook"
"524","Cooked"
"525","Cookie"
"526","Cookies"
"527","Cooking"
"528","Cool"
"529","Cooler"
"530","Coop"
"531","Copper"
"532","Copy"
"533","Cord"
"534","Cork"
"535","Corn"
"536","Corner"
"537","Correct"
"538","Cost"
"539","Cot"
"540","Cottage"
"541","Cotton"
"542","Couch"
"543","Cough"
"544","Could"
"545","Couldn't"
"546","Count"
"547","Counter"
"548","Country"
"549","County"
"550","Course"
"551","Court"
"552","Cousin"
"553","Cover"
"554","Cow"
"555","Coward"
"556","Cowardly"
"557","Cowboy"
"558","Cozy"
"559","Crab"
"560","Crack"
"561","Cracker"
"562","Cradle"
"563","Cramps"
"564","Cranberry"
"565","Crank"
"566","Cranky"
"567","Crash"
"568","Crawl"
"569","Crazy"
"570","Cream"
"571","Creamy"
"572","Creek"
"573","Creep"
"574","Crept"
"575","Cried"
"576","Cries"
"577","Croak"
"578","Crook"
"579","Crooked"
"580","Crop"
"581","Cross"
"582","Cross-eyed"
"583","Crossing"
"584","Crow"
"585","Crowd"
"586","Crowded"
"587","Crown"
"588","Cruel"
"589","Crumb"
"590","Crumble"
"591","Crush"
"592","Crust"
"593","Cry"
"594","Cub"
"595","Cuff"
"596","Cup"
"597","Cupboard"
"598","Cupful"
"599","Cure"
"600","Curl"
"601","Curly"
"602","Curtain"
"603","Curve"
"604","Cushion"
"605","Custard"
"606","Customer"
"607","Cut"
"608","Cute"
"609","Cutting"
"610","Dab"
"611","Dad"
"612","Daddy"
"613","Daily"
"614","Dairy"
"615","Daisy"
"616","Dam"
"617","Damage"
"618","Dame"
"619","Damp"
"620","Dance"
"621","Dancer"
"622","Dancing"
"623","Dandy"
"624","Danger"
"625","Dangerous"
"626","Dare"
"627","Dark"
"628","Darkness"
"629","Darling"
"630","Darn"
"631","Dart"
"632","Dash"
"633","Date"
"634","Daughter"
"635","Dawn"
"636","Day"
"637","Daybreak"
"638","Daytime"
"639","Dead"
"640","Deaf"
"641","Deal"
"642","Dear"
"643","Death"
"644","December"
"645","Decide"
"646","Deck"
"647","Deed"
"648","Deep"
"649","Deer"
"650","Defeat"
"651","Defend"
"652","Defense"
"653","Delight"
"654","Den"
"655","Dentist"
"656","Depend"
"657","Deposit"
"658","Describe"
"659","Desert"
"660","Deserve"
"661","Desire"
"662","Desk"
"663","Destroy"
"664","Devil"
"665","Dew"
"666","Diamond"
"667","Did"
"668","Didn't"
"669","Die"
"670","Died"
"671","Dies"
"672","Difference"
"673","Different"
"674","Dig"
"675","Dim"
"676","Dime"
"677","Dine"
"678","Ding-dong"
"679","Dinner"
"680","Dip"
"681","Direct"
"682","Direction"
"683","Dirt"
"684","Dirty"
"685","Discover"
"686","Dish"
"687","Dislike"
"688","Dismiss"
"689","Ditch"
"690","Dive"
"691","Diver"
"692","Divide"
"693","Do"
"694","Dock"
"695","Doctor"
"696","Does"
"697","Doesn't"
"698","Dog"
"699","Doll"
"700","Dollar"
"701","Dolly"
"702","Don't"
"703","Done"
"704","Donkey"
"705","Door"
"706","Doorbell"
"707","Doorknob"
"708","Doorstep"
"709","Dope"
"710","Dot"
"711","Double"
"712","Dough"
"713","Dove"
"714","Down"
"715","Downstairs"
"716","Downtown"
"717","Dozen"
"718","Drag"
"719","Drain"
"720","Drank"
"721","Draw"
"722","Drawer"
"723","Drawing"
"724","Dream"
"725","Dress"
"726","Dresser"
"727","Dressmaker"
"728","Drew"
"729","Dried"
"730","Drift"
"731","Drill"
"732","Drink"
"733","Drip"
"734","Drive"
"735","Driven"
"736","Driver"
"737","Drop"
"738","Drove"
"739","Drown"
"740","Drowsy"
"741","Drub"
"742","Drum"
"743","Drunk"
"744","Dry"
"745","Duck"
"746","Due"
"747","Dug"
"748","Dull"
"749","Dumb"
"750","Dump"
"751","During"
"752","Dust"
"753","Dusty"
"754","Duty"
"755","Dwarf"
"756","Dwell"
"757","Dwelt"
"758","Dying"
"759","Each"
"760","Eager"
"761","Eagle"
"762","Ear"
"763","Early"
"764","Earn"
"765","Earth"
"766","East"
"767","Eastern"
"768","Easy"
"769","Eat"
"770","Eaten"
"771","Edge"
"772","Egg"
"773","Eh"
"774","Eight"
"775","Eighteen"
"776","Eighth"
"777","Eighty"
"778","Either"
"779","Elbow"
"780","Elder"
"781","Eldest"
"782","Electric"
"783","Electricity"
"784","Elephant"
"785","Eleven"
"786","Elf"
"787","Elm"
"788","Else"
"789","Elsewhere"
"790","Empty"
"791","End"
"792","Ending"
"793","Enemy"
"794","Engine"
"795","Engineer"
"796","English"
"797","Enjoy"
"798","Enough"
"799","Enter"
"800","Envelope"
"801","Equal"
"802","Erase"
"803","Eraser"
"804","Errand"
"805","Escape"
"806","Eve"
"807","Even"
"808","Evening"
"809","Ever"
"810","Every"
"811","Everybody"
"812","Everyday"
"813","Everyone"
"814","Everything"
"815","Everywhere"
"816","Evil"
"817","Exact"
"818","Except"
"819","Exchange"
"820","Excited"
"821","Exciting"
"822","Excuse"
"823","Exit"
"824","Expect"
"825","Explain"
"826","Extra"
"827","Eye"
"828","Eyebrow"
"829","Fable"
"830","Face"
"831","Facing"
"832","Fact"
"833","Factory"
"834","Fail"
"835","Faint"
"836","Fair"
"837","Fairy"
"838","Faith"
"839","Fake"
"840","Fall"
"841","False"
"842","Family"
"843","Fan"
"844","Fancy"
"845","Far"
"846","Far-off"
"847","Faraway"
"848","Fare"
"849","Farm"
"850","Farmer"
"851","Farming"
"852","Farther"
"853","Fashion"
"854","Fast"
"855","Fasten"
"856","Fat"
"857","Father"
"858","Fault"
"859","Favor"
"860","Favorite"
"861","Fear"
"862","Feast"
"863","Feather"
"864","February"
"865","Fed"
"866","Feed"
"867","Feel"
"868","Feet"
"869","Fell"
"870","Fellow"
"871","Felt"
"872","Fence"
"873","Fever"
"874","Few"
"875","Fib"
"876","Fiddle"
"877","Field"
"878","Fife"
"879","Fifteen"
"880","Fifth"
"881","Fifty"
"882","Fig"
"883","Fight"
"884","Figure"
"885","File"
"886","Fill"
"887","Film"
"888","Finally"
"889","Find"
"890","Fine"
"891","Finger"
"892","Finish"
"893","Fire"
"894","Firearm"
"895","Firecracker"
"896","Fireplace"
"897","Fireworks"
"898","Firing"
"899","First"
"900","Fish"
"901","Fisherman"
"902","Fist"
"903","Fit"
"904","Fits"
"905","Five"
"906","Fix"
"907","Flag"
"908","Flake"
"909","Flame"
"910","Flap"
"911","Flash"
"912","Flashlight"
"913","Flat"
"914","Flea"
"915","Flesh"
"916","Flew"
"917","Flies"
"918","Flight"
"919","Flip"
"920","Flip-flop"
"921","Float"
"922","Flock"
"923","Flood"
"924","Floor"
"925","Flop"
"926","Flour"
"927","Flow"
"928","Flower"
"929","Flowery"
"930","Flutter"
"931","Fly"
"932","Foam"
"933","Fog"
"934","Foggy"
"935","Fold"
"936","Folks"
"937","Follow"
"938","Following"
"939","Fond"
"940","Food"
"941","Fool"
"942","Foolish"
"943","Foot"
"944","Football"
"945","Footprint"
"946","For"
"947","Forehead"
"948","Forest"
"949","Forget"
"950","Forgive"
"951","Forgot"
"952","Forgotten"
"953","Fork"
"954","Form"
"955","Fort"
"956","Forth"
"957","Fortune"
"958","Forty"
"959","Forward"
"960","Fought"
"961","Found"
"962","Fountain"
"963","Four"
"964","Fourteen"
"965","Fourth"
"966","Fox"
"967","Frame"
"968","Free"
"969","Freedom"
"970","Freeze"
"971","Freight"
"972","French"
"973","Fresh"
"974","Fret"
"975","Friday"
"976","Fried"
"977","Friend"
"978","Friendly"
"979","Friendship"
"980","Frighten"
"981","Frog"
"982","From"
"983","Front"
"984","Frost"
"985","Frown"
"986","Froze"
"987","Fruit"
"988","Fry"
"989","Fudge"
"990","Fuel"
"991","Full"
"992","Fully"
"993","Fun"
"994","Funny"
"995","Fur"
"996","Furniture"
"997","Further"
"998","Fuzzy"
"999","Gain"
"1000","Gallon"
"1001","Gallop"
"1002","Game"
"1003","Gang"
"1004","Garage"
"1005","Garbage"
"1006","Garden"
"1007","Gas"
"1008","Gasoline"
"1009","Gate"
"1010","Gather"
"1011","Gave"
"1012","Gay"
"1013","Gear"
"1014","Geese"
"1015","General"
"1016","Gentle"
"1017","Gentleman"
"1018","Gentlemen"
"1019","Geography"
"1020","Get"
"1021","Getting"
"1022","Giant"
"1023","Gift"
"1024","Gingerbread"
"1025","Girl"
"1026","Give"
"1027","Given"
"1028","Giving"
"1029","Glad"
"1030","Gladly"
"1031","Glance"
"1032","Glass"
"1033","Glasses"
"1034","Gleam"
"1035","Glide"
"1036","Glory"
"1037","Glove"
"1038","Glow"
"1039","Glue"
"1040","Go"
"1041","Goal"
"1042","Goat"
"1043","Gobble"
"1044","God"
"1045","Godmother"
"1046","Goes"
"1047","Going"
"1048","Gold"
"1049","Golden"
"1050","Goldfish"
"1051","Golf"
"1052","Gone"
"1053","Good"
"1054","Good-by"
"1055","Good-bye"
"1056","Good-looking"
"1057","Goodbye"
"1058","Goodness"
"1059","Goods"
"1060","Goody"
"1061","Goose"
"1062","Gooseberry"
"1063","Got"
"1064","Govern"
"1065","Government"
"1066","Gown"
"1067","Grab"
"1068","Gracious"
"1069","Grade"
"1070","Grain"
"1071","Grand"
"1072","Grandchild"
"1073","Grandchildren"
"1074","Granddaughter"
"1075","Grandfather"
"1076","Grandma"
"1077","Grandmother"
"1078","Grandpa"
"1079","Grandson"
"1080","Grandstand"
"1081","Grape"
"1082","Grapefruit"
"1083","Grapes"
"1084","Grass"
"1085","Grasshopper"
"1086","Grateful"
"1087","Grave"
"1088","Gravel"
"1089","Graveyard"
"1090","Gravy"
"1091","Gray"
"1092","Graze"
"1093","Grease"
"1094","Great"
"1095","Green"
"1096","Greet"
"1097","Grew"
"1098","Grind"
"1099","Groan"
"1100","Grocery"
"1101","Ground"
"1102","Group"
"1103","Grove"
"1104","Grow"
"1105","Guard"
"1106","Guess"
"1107","Guest"
"1108","Guide"
"1109","Gulf"
"1110","Gum"
"1111","Gun"
"1112","Gunpowder"
"1113","Guy"
"1114","Ha"
"1115","Habit"
"1116","Had"
"1117","Hadn't"
"1118","Hail"
"1119","Hair"
"1120","Haircut"
"1121","Hairpin"
"1122","Half"
"1123","Hall"
"1124","Halt"
"1125","Ham"
"1126","Hammer"
"1127","Hand"
"1128","Handful"
"1129","Handkerchief"
"1130","Handle"
"1131","Handwriting"
"1132","Hang"
"1133","Happen"
"1134","Happily"
"1135","Happiness"
"1136","Happy"
"1137","Harbor"
"1138","Hard"
"1139","Hardly"
"1140","Hardship"
"1141","Hardware"
"1142","Hare"
"1143","Hark"
"1144","Harm"
"1145","Harness"
"1146","Harp"
"1147","Harvest"
"1148","Has"
"1149","Hasn't"
"1150","Haste"
"1151","Hasten"
"1152","Hasty"
"1153","Hat"
"1154","Hatch"
"1155","Hatchet"
"1156","Hate"
"1157","Haul"
"1158","Have"
"1159","Haven't"
"1160","Having"
"1161","Hawk"
"1162","Hay"
"1163","Hayfield"
"1164","Haystack"
"1165","He"
"1166","He'd"
"1167","He'll"
"1168","He's"
"1169","Head"
"1170","Headache"
"1171","Heal"
"1172","Health"
"1173","Healthy"
"1174","Heap"
"1175","Hear"
"1176","Heard"
"1177","Hearing"
"1178","Heart"
"1179","Heat"
"1180","Heater"
"1181","Heaven"
"1182","Heavy"
"1183","Heel"
"1184","Height"
"1185","Held"
"1186","Hell"
"1187","Hello"
"1188","Helmet"
"1189","Help"
"1190","Helper"
"1191","Helpful"
"1192","Hem"
"1193","Hen"
"1194","Henhouse"
"1195","Her"
"1196","Herd"
"1197","Here"
"1198","Here's"
"1199","Hero"
"1200","Hers"
"1201","Herself"
"1202","Hey"
"1203","Hickory"
"1204","Hid"
"1205","Hidden"
"1206","Hide"
"1207","High"
"1208","Highway"
"1209","Hill"
"1210","Hillside"
"1211","Hilltop"
"1212","Hilly"
"1213","Him"
"1214","Himself"
"1215","Hind"
"1216","Hint"
"1217","Hip"
"1218","Hire"
"1219","His"
"1220","Hiss"
"1221","History"
"1222","Hit"
"1223","Hitch"
"1224","Hive"
"1225","Ho"
"1226","Hoe"
"1227","Hog"
"1228","Hold"
"1229","Holder"
"1230","Hole"
"1231","Holiday"
"1232","Hollow"
"1233","Holy"
"1234","Home"
"1235","Homely"
"1236","Homesick"
"1237","Honest"
"1238","Honey"
"1239","Honeybee"
"1240","Honeymoon"
"1241","Honk"
"1242","Honor"
"1243","Hood"
"1244","Hoof"
"1245","Hook"
"1246","Hoop"
"1247","Hop"
"1248","Hope"
"1249","Hopeful"
"1250","Hopeless"
"1251","Horn"
"1252","Horse"
"1253","Horseback"
"1254","Horseshoe"
"1255","Hose"
"1256","Hospital"
"1257","Host"
"1258","Hot"
"1259","Hotel"
"1260","Hound"
"1261","Hour"
"1262","House"
"1263","Housetop"
"1264","Housewife"
"1265","Housework"
"1266","How"
"1267","However"
"1268","Howl"
"1269","Hug"
"1270","Huge"
"1271","Hum"
"1272","Humble"
"1273","Hump"
"1274","Hundred"
"1275","Hung"
"1276","Hunger"
"1277","Hungry"
"1278","Hunk"
"1279","Hunt"
"1280","Hunter"
"1281","Hurrah"
"1282","Hurried"
"1283","Hurry"
"1284","Hurt"
"1285","Husband"
"1286","Hush"
"1287","Hut"
"1288","Hymn"
"1289","I"
"1290","I'd"
"1291","I'll"
"1292","I'm"
"1293","I've"
"1294","Ice"
"1295","Icy"
"1296","Idea"
"1297","Ideal"
"1298","If"
"1299","Ill"
"1300","Important"
"1301","Impossible"
"1302","Improve"
"1303","In"
"1304","Inch"
"1305","Inches"
"1306","Income"
"1307","Indeed"
"1308","Indian"
"1309","Indoors"
"1310","Ink"
"1311","Inn"
"1312","Insect"
"1313","Inside"
"1314","Instant"
"1315","Instead"
"1316","Insult"
"1317","Intend"
"1318","Interested"
"1319","Interesting"
"1320","Into"
"1321","Invite"
"1322","Iron"
"1323","Is"
"1324","Island"
"1325","Isn't"
"1326","It"
"1327","It's"
"1328","Its"
"1329","Itself"
"1330","Ivory"
"1331","Ivy"
"1332","Jacket"
"1333","Jacks"
"1334","Jail"
"1335","Jam"
"1336","January"
"1337","Jar"
"1338","Jaw"
"1339","Jay"
"1340","Jelly"
"1341","Jellyfish"
"1342","Jerk"
"1343","Jig"
"1344","Job"
"1345","Jockey"
"1346","Join"
"1347","Joke"
"1348","Joking"
"1349","Jolly"
"1350","Journey"
"1351","Joy"
"1352","Joyful"
"1353","Joyous"
"1354","Judge"
"1355","Jug"
"1356","Juice"
"1357","Juicy"
"1358","July"
"1359","Jump"
"1360","June"
"1361","Junior"
"1362","Junk"
"1363","Just"
"1364","Keen"
"1365","Keep"
"1366","Kept"
"1367","Kettle"
"1368","Key"
"1369","Kick"
"1370","Kid"
"1371","Kill"
"1372","Killed"
"1373","Kind"
"1374","Kindly"
"1375","Kindness"
"1376","King"
"1377","Kingdom"
"1378","Kiss"
"1379","Kitchen"
"1380","Kite"
"1381","Kitten"
"1382","Kitty"
"1383","Knee"
"1384","Kneel"
"1385","Knew"
"1386","Knife"
"1387","Knit"
"1388","Knives"
"1389","Knob"
"1390","Knock"
"1391","Knot"
"1392","Know"
"1393","Known"
"1394","Lace"
"1395","Lad"
"1396","Ladder"
"1397","Ladies"
"1398","Lady"
"1399","Laid"
"1400","Lake"
"1401","Lamb"
"1402","Lame"
"1403","Lamp"
"1404","Land"
"1405","Lane"
"1406","Language"
"1407","Lantern"
"1408","Lap"
"1409","Lard"
"1410","Large"
"1411","Lash"
"1412","Lass"
"1413","Last"
"1414","Late"
"1415","Laugh"
"1416","Laundry"
"1417","Law"
"1418","Lawn"
"1419","Lawyer"
"1420","Lay"
"1421","Lazy"
"1422","Lead"
"1423","Leader"
"1424","Leaf"
"1425","Leak"
"1426","Lean"
"1427","Leap"
"1428","Learn"
"1429","Learned"
"1430","Least"
"1431","Leather"
"1432","Leave"
"1433","Leaving"
"1434","Led"
"1435","Left"
"1436","Leg"
"1437","Lemon"
"1438","Lemonade"
"1439","Lend"
"1440","Length"
"1441","Less"
"1442","Lesson"
"1443","Let"
"1444","Let's"
"1445","Letter"
"1446","Letting"
"1447","Lettuce"
"1448","Level"
"1449","Liberty"
"1450","Library"
"1451","Lice"
"1452","Lick"
"1453","Lid"
"1454","Lie"
"1455","Life"
"1456","Lift"
"1457","Light"
"1458","Lightness"
"1459","Lightning"
"1460","Like"
"1461","Likely"
"1462","Liking"
"1463","Lily"
"1464","Limb"
"1465","Lime"
"1466","Limp"
"1467","Line"
"1468","Linen"
"1469","Lion"
"1470","Lip"
"1471","List"
"1472","Listen"
"1473","Lit"
"1474","Little"
"1475","Live"
"1476","Lively"
"1477","Liver"
"1478","Lives"
"1479","Living"
"1480","Lizard"
"1481","Load"
"1482","Loaf"
"1483","Loan"
"1484","Loaves"
"1485","Lock"
"1486","Locomotive"
"1487","Log"
"1488","Lone"
"1489","Lonely"
"1490","Lonesome"
"1491","Long"
"1492","Look"
"1493","Lookout"
"1494","Loop"
"1495","Loose"
"1496","Lord"
"1497","Lose"
"1498","Loser"
"1499","Loss"
"1500","Lost"
"1501","Lot"
"1502","Loud"
"1503","Love"
"1504","Lovely"
"1505","Lover"
"1506","Low"
"1507","Luck"
"1508","Lucky"
"1509","Lumber"
"1510","Lump"
"1511","Lunch"
"1512","Lying"
"1513","Ma"
"1514","Machine"
"1515","Machinery"
"1516","Mad"
"1517","Made"
"1518","Magazine"
"1519","Magic"
"1520","Maid"
"1521","Mail"
"1522","Mailbox"
"1523","Mailman"
"1524","Major"
"1525","Make"
"1526","Making"
"1527","Male"
"1528","Mama"
"1529","Mamma"
"1530","Man"
"1531","Manager"
"1532","Mane"
"1533","Manger"
"1534","Many"
"1535","Map"
"1536","Maple"
"1537","Marble"
"1538","March"
"1539","Mare"
"1540","Mark"
"1541","Market"
"1542","Marriage"
"1543","Married"
"1544","Marry"
"1545","Mask"
"1546","Mast"
"1547","Master"
"1548","Mat"
"1549","Match"
"1550","Matter"
"1551","Mattress"
"1552","May"
"1553","Maybe"
"1554","Mayor"
"1555","Maypole"
"1556","Me"
"1557","Meadow"
"1558","Meal"
"1559","Mean"
"1560","Means"
"1561","Meant"
"1562","Measure"
"1563","Meat"
"1564","Medicine"
"1565","Meet"
"1566","Meeting"
"1567","Melt"
"1568","Member"
"1569","Men"
"1570","Mend"
"1571","Meow"
"1572","Merry"
"1573","Mess"
"1574","Message"
"1575","Met"
"1576","Metal"
"1577","Mew"
"1578","Mice"
"1579","Middle"
"1580","Midnight"
"1581","Might"
"1582","Mighty"
"1583","Mile"
"1584","Miler"
"1585","Milk"
"1586","Milkman"
"1587","Mill"
"1588","Million"
"1589","Mind"
"1590","Mine"
"1591","Miner"
"1592","Mint"
"1593","Minute"
"1594","Mirror"
"1595","Mischief"
"1596","Miss"
"1597","Misspell"
"1598","Mistake"
"1599","Misty"
"1600","Mitt"
"1601","Mitten"
"1602","Mix"
"1603","Moment"
"1604","Monday"
"1605","Money"
"1606","Monkey"
"1607","Month"
"1608","Moo"
"1609","Moon"
"1610","Moonlight"
"1611","Moose"
"1612","Mop"
"1613","More"
"1614","Morning"
"1615","Morrow"
"1616","Moss"
"1617","Most"
"1618","Mostly"
"1619","Mother"
"1620","Motor"
"1621","Mount"
"1622","Mountain"
"1623","Mouse"
"1624","Mouth"
"1625","Move"
"1626","Movie"
"1627","Movies"
"1628","Moving"
"1629","Mow"
"1630","Mr."
"1631","Mrs."
"1632","Much"
"1633","Mud"
"1634","Muddy"
"1635","Mug"
"1636","Mule"
"1637","Multiply"
"1638","Murder"
"1639","Music"
"1640","Must"
"1641","My"
"1642","Myself"
"1643","Nail"
"1644","Name"
"1645","Nap"
"1646","Napkin"
"1647","Narrow"
"1648","Nasty"
"1649","Naughty"
"1650","Navy"
"1651","Near"
"1652","Nearby"
"1653","Nearly"
"1654","Neat"
"1655","Neck"
"1656","Necktie"
"1657","Need"
"1658","Needle"
"1659","Needn't"
"1660","Negro"
"1661","Neighbor"
"1662","Neighborhood"
"1663","Neither"
"1664","Nerve"
"1665","Nest"
"1666","Net"
"1667","Never"
"1668","Nevermore"
"1669","New"
"1670","News"
"1671","Newspaper"
"1672","Next"
"1673","Nibble"
"1674","Nice"
"1675","Nickel"
"1676","Night"
"1677","Nightgown"
"1678","Nine"
"1679","Nineteen"
"1680","Ninety"
"1681","No"
"1682","Nobody"
"1683","Nod"
"1684","Noise"
"1685","Noisy"
"1686","None"
"1687","Noon"
"1688","Nor"
"1689","North"
"1690","Northern"
"1691","Nose"
"1692","Not"
"1693","Note"
"1694","Nothing"
"1695","Notice"
"1696","November"
"1697","Now"
"1698","Nowhere"
"1699","Number"
"1700","Nurse"
"1701","Nut"
"1702","O'clock"
"1703","Oak"
"1704","Oar"
"1705","Oatmeal"
"1706","Oats"
"1707","Obey"
"1708","Ocean"
"1709","October"
"1710","Odd"
"1711","Of"
"1712","Off"
"1713","Offer"
"1714","Office"
"1715","Officer"
"1716","Often"
"1717","Oh"
"1718","Oil"
"1719","Old"
"1720","Old-fashioned"
"1721","On"
"1722","Once"
"1723","One"
"1724","Onion"
"1725","Only"
"1726","Onward"
"1727","Open"
"1728","Or"
"1729","Orange"
"1730","Orchard"
"1731","Order"
"1732","Ore"
"1733","Organ"
"1734","Other"
"1735","Otherwise"
"1736","Ouch"
"1737","Ought"
"1738","Our"
"1739","Ours"
"1740","Ourselves"
"1741","Out"
"1742","Outdoors"
"1743","Outfit"
"1744","Outlaw"
"1745","Outline"
"1746","Outside"
"1747","Outward"
"1748","Oven"
"1749","Over"
"1750","Overalls"
"1751","Overcoat"
"1752","Overeat"
"1753","Overhead"
"1754","Overhear"
"1755","Overnight"
"1756","Overturn"
"1757","Owe"
"1758","Owing"
"1759","Owl"
"1760","Own"
"1761","Owner"
"1762","Ox"
"1763","Pa"
"1764","Pace"
"1765","Pack"
"1766","Package"
"1767","Pad"
"1768","Page"
"1769","Paid"
"1770","Pail"
"1771","Pain"
"1772","Painful"
"1773","Paint"
"1774","Painter"
"1775","Painting"
"1776","Pair"
"1777","Pal"
"1778","Palace"
"1779","Pale"
"1780","Pan"
"1781","Pancake"
"1782","Pane"
"1783","Pansy"
"1784","Pants"
"1785","Papa"
"1786","Paper"
"1787","Parade"
"1788","Pardon"
"1789","Parent"
"1790","Park"
"1791","Part"
"1792","Partly"
"1793","Partner"
"1794","Party"
"1795","Pass"
"1796","Passenger"
"1797","Past"
"1798","Paste"
"1799","Pasture"
"1800","Pat"
"1801","Patch"
"1802","Path"
"1803","Patter"
"1804","Pave"
"1805","Pavement"
"1806","Paw"
"1807","Pay"
"1808","Payment"
"1809","Pea"
"1810","Peace"
"1811","Peaceful"
"1812","Peach"
"1813","Peaches"
"1814","Peak"
"1815","Peanut"
"1816","Pear"
"1817","Pearl"
"1818","Peas"
"1819","Peck"
"1820","Peek"
"1821","Peel"
"1822","Peep"
"1823","Peg"
"1824","Pen"
"1825","Pencil"
"1826","Penny"
"1827","People"
"1828","Pepper"
"1829","Peppermint"
"1830","Perfume"
"1831","Perhaps"
"1832","Person"
"1833","Pet"
"1834","Phone"
"1835","Piano"
"1836","Pick"
"1837","Pickle"
"1838","Picnic"
"1839","Picture"
"1840","Pie"
"1841","Piece"
"1842","Pig"
"1843","Pigeon"
"1844","Piggy"
"1845","Pile"
"1846","Pill"
"1847","Pillow"
"1848","Pin"
"1849","Pine"
"1850","Pineapple"
"1851","Pink"
"1852","Pint"
"1853","Pipe"
"1854","Pistol"
"1855","Pit"
"1856","Pitch"
"1857","Pitcher"
"1858","Pity"
"1859","Place"
"1860","Plain"
"1861","Plan"
"1862","Plane"
"1863","Plant"
"1864","Plate"
"1865","Platform"
"1866","Platter"
"1867","Play"
"1868","Player"
"1869","Playground"
"1870","Playhouse"
"1871","Playmate"
"1872","Plaything"
"1873","Pleasant"
"1874","Please"
"1875","Pleasure"
"1876","Plenty"
"1877","Plow"
"1878","Plug"
"1879","Plum"
"1880","Pocket"
"1881","Pocketbook"
"1882","Poem"
"1883","Point"
"1884","Poison"
"1885","Poke"
"1886","Pole"
"1887","Police"
"1888","Policeman"
"1889","Polish"
"1890","Polite"
"1891","Pond"
"1892","Ponies"
"1893","Pony"
"1894","Pool"
"1895","Poor"
"1896","Pop"
"1897","Popcorn"
"1898","Popped"
"1899","Porch"
"1900","Pork"
"1901","Possible"
"1902","Post"
"1903","Postage"
"1904","Postman"
"1905","Pot"
"1906","Potato"
"1907","Potatoes"
"1908","Pound"
"1909","Pour"
"1910","Powder"
"1911","Power"
"1912","Powerful"
"1913","Praise"
"1914","Pray"
"1915","Prayer"
"1916","Prepare"
"1917","Present"
"1918","Pretty"
"1919","Price"
"1920","Prick"
"1921","Prince"
"1922","Princess"
"1923","Print"
"1924","Prison"
"1925","Prize"
"1926","Promise"
"1927","Proper"
"1928","Protect"
"1929","Proud"
"1930","Prove"
"1931","Prune"
"1932","Public"
"1933","Puddle"
"1934","Puff"
"1935","Pull"
"1936","Pump"
"1937","Pumpkin"
"1938","Punch"
"1939","Punish"
"1940","Pup"
"1941","Pupil"
"1942","Puppy"
"1943","Pure"
"1944","Purple"
"1945","Purse"
"1946","Push"
"1947","Puss"
"1948","Pussy"
"1949","Pussycat"
"1950","Put"
"1951","Putting"
"1952","Puzzle"
"1953","Quack"
"1954","Quart"
"1955","Quarter"
"1956","Queen"
"1957","Queer"
"1958","Question"
"1959","Quick"
"1960","Quickly"
"1961","Quiet"
"1962","Quilt"
"1963","Quit"
"1964","Quite"
"1965","Rabbit"
"1966","Race"
"1967","Rack"
"1968","Radio"
"1969","Radish"
"1970","Rag"
"1971","Rail"
"1972","Railroad"
"1973","Railway"
"1974","Rain"
"1975","Rainbow"
"1976","Rainy"
"1977","Raise"
"1978","Raisin"
"1979","Rake"
"1980","Ram"
"1981","Ran"
"1982","Ranch"
"1983","Rang"
"1984","Rap"
"1985","Rapidly"
"1986","Rat"
"1987","Rate"
"1988","Rather"
"1989","Rattle"
"1990","Raw"
"1991","Ray"
"1992","Reach"
"1993","Read"
"1994","Reader"
"1995","Reading"
"1996","Ready"
"1997","Real"
"1998","Really"
"1999","Reap"
"2000","Rear"
"2001","Reason"
"2002","Rebuild"
"2003","Receive"
"2004","Recess"
"2005","Record"
"2006","Red"
"2007","Redbird"
"2008","Redbreast"
"2009","Refuse"
"2010","Reindeer"
"2011","Rejoice"
"2012","Remain"
"2013","Remember"
"2014","Remind"
"2015","Remove"
"2016","Rent"
"2017","Repair"
"2018","Repay"
"2019","Repeat"
"2020","Report"
"2021","Rest"
"2022","Return"
"2023","Review"
"2024","Reward"
"2025","Rib"
"2026","Ribbon"
"2027","Rice"
"2028","Rich"
"2029","Rid"
"2030","Riddle"
"2031","Ride"
"2032","Rider"
"2033","Riding"
"2034","Right"
"2035","Rim"
"2036","Ring"
"2037","Rip"
"2038","Ripe"
"2039","Rise"
"2040","Rising"
"2041","River"
"2042","Road"
"2043","Roadside"
"2044","Roar"
"2045","Roast"
"2046","Rob"
"2047","Robber"
"2048","Robe"
"2049","Robin"
"2050","Rock"
"2051","Rocket"
"2052","Rocky"
"2053","Rode"
"2054","Roll"
"2055","Roller"
"2056","Roof"
"2057","Room"
"2058","Rooster"
"2059","Root"
"2060","Rope"
"2061","Rose"
"2062","Rosebud"
"2063","Rot"
"2064","Rotten"
"2065","Rough"
"2066","Round"
"2067","Route"
"2068","Row"
"2069","Rowboat"
"2070","Royal"
"2071","Rub"
"2072","Rubbed"
"2073","Rubber"
"2074","Rubbish"
"2075","Rug"
"2076","Rule"
"2077","Ruler"
"2078","Rumble"
"2079","Run"
"2080","Rung"
"2081","Runner"
"2082","Running"
"2083","Rush"
"2084","Rust"
"2085","Rusty"
"2086","Rye"
"2087","Sack"
"2088","Sad"
"2089","Saddle"
"2090","Sadness"
"2091","Safe"
"2092","Safety"
"2093","Said"
"2094","Sail"
"2095","Sailboat"
"2096","Sailor"
"2097","Saint"
"2098","Salad"
"2099","Sale"
"2100","Salt"
"2101","Same"
"2102","Sand"
"2103","Sandwich"
"2104","Sandy"
"2105","Sang"
"2106","Sank"
"2107","Sap"
"2108","Sash"
"2109","Sat"
"2110","Satin"
"2111","Satisfactory"
"2112","Saturday"
"2113","Sausage"
"2114","Savage"
"2115","Save"
"2116","Savings"
"2117","Saw"
"2118","Say"
"2119","Scab"
"2120","Scales"
"2121","Scare"
"2122","Scarf"
"2123","School"
"2124","Schoolboy"
"2125","Schoolhouse"
"2126","Schoolmaster"
"2127","Schoolroom"
"2128","Scorch"
"2129","Score"
"2130","Scrap"
"2131","Scrape"
"2132","Scratch"
"2133","Scream"
"2134","Screen"
"2135","Screw"
"2136","Scrub"
"2137","Sea"
"2138","Seal"
"2139","Seam"
"2140","Search"
"2141","Season"
"2142","Seat"
"2143","Second"
"2144","Secret"
"2145","See"
"2146","Seed"
"2147","Seeing"
"2148","Seek"
"2149","Seem"
"2150","Seen"
"2151","Seesaw"
"2152","Select"
"2153","Self"
"2154","Selfish"
"2155","Sell"
"2156","Send"
"2157","Sense"
"2158","Sent"
"2159","Sentence"
"2160","Separate"
"2161","September"
"2162","Servant"
"2163","Serve"
"2164","Service"
"2165","Set"
"2166","Setting"
"2167","Settle"
"2168","Settlement"
"2169","Seven"
"2170","Seventeen"
"2171","Seventh"
"2172","Seventy"
"2173","Several"
"2174","Sew"
"2175","Shade"
"2176","Shadow"
"2177","Shady"
"2178","Shake"
"2179","Shaker"
"2180","Shaking"
"2181","Shall"
"2182","Shame"
"2183","Shan't"
"2184","Shape"
"2185","Share"
"2186","Sharp"
"2187","Shave"
"2188","She"
"2189","She'd"
"2190","She'll"
"2191","She's"
"2192","Shear"
"2193","Shears"
"2194","Shed"
"2195","Sheep"
"2196","Sheet"
"2197","Shelf"
"2198","Shell"
"2199","Shepherd"
"2200","Shine"
"2201","Shining"
"2202","Shiny"
"2203","Ship"
"2204","Shirt"
"2205","Shock"
"2206","Shoe"
"2207","Shoemaker"
"2208","Shone"
"2209","Shook"
"2210","Shoot"
"2211","Shop"
"2212","Shopping"
"2213","Shore"
"2214","Short"
"2215","Shot"
"2216","Should"
"2217","Shoulder"
"2218","Shouldn't"
"2219","Shout"
"2220","Shovel"
"2221","Show"
"2222","Shower"
"2223","Shut"
"2224","Shy"
"2225","Sick"
"2226","Sickness"
"2227","Side"
"2228","Sidewalk"
"2229","Sideways"
"2230","Sigh"
"2231","Sight"
"2232","Sign"
"2233","Silence"
"2234","Silent"
"2235","Silk"
"2236","Sill"
"2237","Silly"
"2238","Silver"
"2239","Simple"
"2240","Sin"
"2241","Since"
"2242","Sing"
"2243","Singer"
"2244","Single"
"2245","Sink"
"2246","Sip"
"2247","Sir"
"2248","Sis"
"2249","Sissy"
"2250","Sister"
"2251","Sit"
"2252","Sitting"
"2253","Six"
"2254","Sixteen"
"2255","Sixth"
"2256","Sixty"
"2257","Size"
"2258","Skate"
"2259","Skater"
"2260","Ski"
"2261","Skin"
"2262","Skip"
"2263","Skirt"
"2264","Sky"
"2265","Slam"
"2266","Slap"
"2267","Slate"
"2268","Slave"
"2269","Sled"
"2270","Sleep"
"2271","Sleepy"
"2272","Sleeve"
"2273","Sleigh"
"2274","Slept"
"2275","Slice"
"2276","Slid"
"2277","Slide"
"2278","Sling"
"2279","Slip"
"2280","Slipped"
"2281","Slipper"
"2282","Slippery"
"2283","Slit"
"2284","Slow"
"2285","Slowly"
"2286","Sly"
"2287","Smack"
"2288","Small"
"2289","Smart"
"2290","Smell"
"2291","Smile"
"2292","Smoke"
"2293","Smooth"
"2294","Snail"
"2295","Snake"
"2296","Snap"
"2297","Snapping"
"2298","Sneeze"
"2299","Snow"
"2300","Snowball"
"2301","Snowflake"
"2302","Snowy"
"2303","Snuff"
"2304","Snug"
"2305","So"
"2306","Soak"
"2307","Soap"
"2308","Sob"
"2309","Socks"
"2310","Sod"
"2311","Soda"
"2312","Sofa"
"2313","Soft"
"2314","Soil"
"2315","Sold"
"2316","Soldier"
"2317","Sole"
"2318","Some"
"2319","Somebody"
"2320","Somehow"
"2321","Someone"
"2322","Something"
"2323","Sometime"
"2324","Sometimes"
"2325","Somewhere"
"2326","Son"
"2327","Song"
"2328","Soon"
"2329","Sore"
"2330","Sorrow"
"2331","Sorry"
"2332","Sort"
"2333","Soul"
"2334","Sound"
"2335","Soup"
"2336","Sour"
"2337","South"
"2338","Southern"
"2339","Space"
"2340","Spade"
"2341","Spank"
"2342","Sparrow"
"2343","Speak"
"2344","Speaker"
"2345","Spear"
"2346","Speech"
"2347","Speed"
"2348","Spell"
"2349","Spelling"
"2350","Spend"
"2351","Spent"
"2352","Spider"
"2353","Spike"
"2354","Spill"
"2355","Spin"
"2356","Spinach"
"2357","Spirit"
"2358","Spit"
"2359","Splash"
"2360","Spoil"
"2361","Spoke"
"2362","Spook"
"2363","Spoon"
"2364","Sport"
"2365","Spot"
"2366","Spread"
"2367","Spring"
"2368","Springtime"
"2369","Sprinkle"
"2370","Square"
"2371","Squash"
"2372","Squeak"
"2373","Squeeze"
"2374","Squirrel"
"2375","Stable"
"2376","Stack"
"2377","Stage"
"2378","Stair"
"2379","Stall"
"2380","Stamp"
"2381","Stand"
"2382","Star"
"2383","Stare"
"2384","Start"
"2385","Starve"
"2386","State"
"2387","States"
"2388","Station"
"2389","Stay"
"2390","Steak"
"2391","Steal"
"2392","Steam"
"2393","Steamboat"
"2394","Steamer"
"2395","Steel"
"2396","Steep"
"2397","Steeple"
"2398","Steer"
"2399","Stem"
"2400","Step"
"2401","Stepping"
"2402","Stick"
"2403","Sticky"
"2404","Stiff"
"2405","Still"
"2406","Stillness"
"2407","Sting"
"2408","Stir"
"2409","Stitch"
"2410","Stock"
"2411","Stocking"
"2412","Stole"
"2413","Stone"
"2414","Stood"
"2415","Stool"
"2416","Stoop"
"2417","Stop"
"2418","Stopped"
"2419","Stopping"
"2420","Store"
"2421","Stories"
"2422","Stork"
"2423","Storm"
"2424","Stormy"
"2425","Story"
"2426","Stove"
"2427","Straight"
"2428","Strange"
"2429","Stranger"
"2430","Strap"
"2431","Straw"
"2432","Strawberry"
"2433","Stream"
"2434","Street"
"2435","Stretch"
"2436","String"
"2437","Strip"
"2438","Stripes"
"2439","Strong"
"2440","Stuck"
"2441","Study"
"2442","Stuff"
"2443","Stump"
"2444","Stung"
"2445","Subject"
"2446","Such"
"2447","Suck"
"2448","Sudden"
"2449","Suffer"
"2450","Sugar"
"2451","Suit"
"2452","Sum"
"2453","Summer"
"2454","Sun"
"2455","Sunday"
"2456","Sunflower"
"2457","Sung"
"2458","Sunk"
"2459","Sunlight"
"2460","Sunny"
"2461","Sunrise"
"2462","Sunset"
"2463","Sunshine"
"2464","Supper"
"2465","Suppose"
"2466","Sure"
"2467","Surely"
"2468","Surface"
"2469","Surprise"
"2470","Swallow"
"2471","Swam"
"2472","Swamp"
"2473","Swan"
"2474","Swat"
"2475","Swear"
"2476","Sweat"
"2477","Sweater"
"2478","Sweep"
"2479","Sweet"
"2480","Sweetheart"
"2481","Sweetness"
"2482","Swell"
"2483","Swept"
"2484","Swift"
"2485","Swim"
"2486","Swimming"
"2487","Swing"
"2488","Switch"
"2489","Sword"
"2490","Swore"
"2491","Table"
"2492","Tablecloth"
"2493","Tablespoon"
"2494","Tablet"
"2495","Tack"
"2496","Tag"
"2497","Tail"
"2498","Tailor"
"2499","Take"
"2500","Taken"
"2501","Taking"
"2502","Tale"
"2503","Talk"
"2504","Talker"
"2505","Tall"
"2506","Tame"
"2507","Tan"
"2508","Tank"
"2509","Tap"
"2510","Tape"
"2511","Tar"
"2512","Tardy"
"2513","Task"
"2514","Taste"
"2515","Taught"
"2516","Tax"
"2517","Tea"
"2518","Teach"
"2519","Teacher"
"2520","Team"
"2521","Tear"
"2522","Tease"
"2523","Teaspoon"
"2524","Teeth"
"2525","Telephone"
"2526","Tell"
"2527","Temper"
"2528","Ten"
"2529","Tennis"
"2530","Tent"
"2531","Term"
"2532","Terrible"
"2533","Test"
"2534","Than"
"2535","Thank"
"2536","Thankful"
"2537","Thanks"
"2538","Thanksgiving"
"2539","That"
"2540","That's"
"2541","The"
"2542","Theater"
"2543","Thee"
"2544","Their"
"2545","Them"
"2546","Then"
"2547","There"
"2548","These"
"2549","They"
"2550","They'd"
"2551","They'll"
"2552","They're"
"2553","They've"
"2554","Thick"
"2555","Thief"
"2556","Thimble"
"2557","Thin"
"2558","Thing"
"2559","Think"
"2560","Third"
"2561","Thirsty"
"2562","Thirteen"
"2563","Thirty"
"2564","This"
"2565","Thorn"
"2566","Those"
"2567","Though"
"2568","Thought"
"2569","Thousand"
"2570","Thread"
"2571","Three"
"2572","Threw"
"2573","Throat"
"2574","Throne"
"2575","Through"
"2576","Throw"
"2577","Thrown"
"2578","Thumb"
"2579","Thunder"
"2580","Thursday"
"2581","Thy"
"2582","Tick"
"2583","Ticket"
"2584","Tickle"
"2585","Tie"
"2586","Tiger"
"2587","Tight"
"2588","Till"
"2589","Time"
"2590","Tin"
"2591","Tinkle"
"2592","Tiny"
"2593","Tip"
"2594","Tiptoe"
"2595","Tire"
"2596","Tired"
"2597","Title"
"2598","To"
"2599","Toad"
"2600","Toadstool"
"2601","Toast"
"2602","Tobacco"
"2603","Today"
"2604","Toe"
"2605","Together"
"2606","Toilet"
"2607","Told"
"2608","Tomato"
"2609","Tomorrow"
"2610","Ton"
"2611","Tone"
"2612","Tongue"
"2613","Tonight"
"2614","Too"
"2615","Took"
"2616","Tool"
"2617","Toot"
"2618","Tooth"
"2619","Toothbrush"
"2620","Toothpick"
"2621","Top"
"2622","Tore"
"2623","Torn"
"2624","Toss"
"2625","Touch"
"2626","Tow"
"2627","Toward"
"2628","Towards"
"2629","Towel"
"2630","Tower"
"2631","Town"
"2632","Toy"
"2633","Trace"
"2634","Track"
"2635","Trade"
"2636","Train"
"2637","Tramp"
"2638","Trap"
"2639","Tray"
"2640","Treasure"
"2641","Treat"
"2642","Tree"
"2643","Trick"
"2644","Tricycle"
"2645","Tried"
"2646","Trim"
"2647","Trip"
"2648","Trolley"
"2649","Trouble"
"2650","Truck"
"2651","True"
"2652","Truly"
"2653","Trunk"
"2654","Trust"
"2655","Truth"
"2656","Try"
"2657","Tub"
"2658","Tuesday"
"2659","Tug"
"2660","Tulip"
"2661","Tumble"
"2662","Tune"
"2663","Tunnel"
"2664","Turkey"
"2665","Turn"
"2666","Turtle"
"2667","Twelve"
"2668","Twenty"
"2669","Twice"
"2670","Twig"
"2671","Twin"
"2672","Two"
"2673","Ugly"
"2674","Umbrella"
"2675","Uncle"
"2676","Under"
"2677","Understand"
"2678","Underwear"
"2679","Undress"
"2680","Unfair"
"2681","Unfinished"
"2682","Unfold"
"2683","Unfriendly"
"2684","Unhappy"
"2685","Unhurt"
"2686","Uniform"
"2687","United"
"2688","Unkind"
"2689","Unknown"
"2690","Unless"
"2691","Unpleasant"
"2692","Until"
"2693","Unwilling"
"2694","Up"
"2695","Upon"
"2696","Upper"
"2697","Upset"
"2698","Upside"
"2699","Upstairs"
"2700","Uptown"
"2701","Upward"
"2702","Us"
"2703","Use"
"2704","Used"
"2705","Useful"
"2706","Valentine"
"2707","Valley"
"2708","Valuable"
"2709","Value"
"2710","Vase"
"2711","Vegetable"
"2712","Velvet"
"2713","Very"
"2714","Vessel"
"2715","Victory"
"2716","View"
"2717","Village"
"2718","Vine"
"2719","Violet"
"2720","Visit"
"2721","Visitor"
"2722","Voice"
"2723","Vote"
"2724","Wag"
"2725","Wagon"
"2726","Waist"
"2727","Wait"
"2728","Wake"
"2729","Waken"
"2730","Walk"
"2731","Wall"
"2732","Walnut"
"2733","Want"
"2734","War"
"2735","Warm"
"2736","Warn"
"2737","Was"
"2738","Wash"
"2739","Washer"
"2740","Washtub"
"2741","Wasn't"
"2742","Waste"
"2743","Watch"
"2744","Watchman"
"2745","Water"
"2746","Watermelon"
"2747","Waterproof"
"2748","Wave"
"2749","Wax"
"2750","Way"
"2751","Wayside"
"2752","We"
"2753","We'd"
"2754","We'll"
"2755","We're"
"2756","We've"
"2757","Weak"
"2758","Weaken"
"2759","Weakness"
"2760","Wealth"
"2761","Weapon"
"2762","Wear"
"2763","Weary"
"2764","Weather"
"2765","Weave"
"2766","Web"
"2767","Wedding"
"2768","Wednesday"
"2769","Wee"
"2770","Weed"
"2771","Week"
"2772","Weep"
"2773","Weigh"
"2774","Welcome"
"2775","Well"
"2776","Went"
"2777","Were"
"2778","West"
"2779","Western"
"2780","Wet"
"2781","Whale"
"2782","What"
"2783","What's"
"2784","Wheat"
"2785","Wheel"
"2786","When"
"2787","Whenever"
"2788","Where"
"2789","Which"
"2790","While"
"2791","Whip"
"2792","Whipped"
"2793","Whirl"
"2794","Whiskey"
"2795","Whisky"
"2796","Whisper"
"2797","Whistle"
"2798","White"
"2799","Who"
"2800","Who'd"
"2801","Who'll"
"2802","Who's"
"2803","Whole"
"2804","Whom"
"2805","Whose"
"2806","Why"
"2807","Wicked"
"2808","Wide"
"2809","Wife"
"2810","Wiggle"
"2811","Wild"
"2812","Wildcat"
"2813","Will"
"2814","Willing"
"2815","Willow"
"2816","Win"
"2817","Wind"
"2818","Windmill"
"2819","Window"
"2820","Windy"
"2821","Wine"
"2822","Wing"
"2823","Wink"
"2824","Winner"
"2825","Winter"
"2826","Wipe"
"2827","Wire"
"2828","Wise"
"2829","Wish"
"2830","Wit"
"2831","Witch"
"2832","With"
"2833","Without"
"2834","Woke"
"2835","Wolf"
"2836","Woman"
"2837","Women"
"2838","Won"
"2839","Won't"
"2840","Wonder"
"2841","Wonderful"
"2842","Wood"
"2843","Wooden"
"2844","Woodpecker"
"2845","Woods"
"2846","Wool"
"2847","Woolen"
"2848","Word"
"2849","Wore"
"2850","Work"
"2851","Worker"
"2852","Workman"
"2853","World"
"2854","Worm"
"2855","Worn"
"2856","Worry"
"2857","Worse"
"2858","Worst"
"2859","Worth"
"2860","Would"
"2861","Wouldn't"
"2862","Wound"
"2863","Wove"
"2864","Wrap"
"2865","Wrapped"
"2866","Wreck"
"2867","Wren"
"2868","Wring"
"2869","Write"
"2870","Writing"
"2871","Written"
"2872","Wrong"
"2873","Wrote"
"2874","Wrung"
"2875","Yard"
"2876","Yarn"
"2877","Year"
"2878","Yell"
"2879","Yellow"
"2880","Yes"
"2881","Yesterday"
"2882","Yet"
"2883","Yolk"
"2884","Yonder"
"2885","You"
"2886","You'd"
"2887","You'll"
"2888","You're"
"2889","You've"
"2890","Young"
"2891","Youngster"
"2892","Your"
"2893","Yours"
"2894","Yourself"
"2895","Yourselves"
"2896","Youth"
